collected_at,game,user_login,viewer_count,language,started_at,title
2026-09-01T00:06:26+00:00,Fallout 3,ironisopod,35,en,2026-08-31T20:57:16Z,Fallout 3 | Miss Atomic Bomb
2026-09-01T00:06:26+00:00,Fallout 3,x_virtual_xi,7,en,2026-08-31T22:04:14Z,Probed and Confused....Mothership Zeta 👽🛸
2026-09-01T00:06:26+00:00,Fallout 3,dabst3rplays,7,en,2026-08-31T20:36:33Z,MOTHERSHIP ZETA TIME | Fallout TTW Bizarre Adventures #15 | John 14:27
2026-09-01T00:06:26+00:00,Fallout 3,deadstar70x,4,en,2026-08-31T20:38:37Z,18+🟢{MODS} Survival DAY 15! Gearing Up & Going To FORT CONSTANTINE!  LvL 19! -Immersion-Quests-NO HUD-SHENANIGANS-🟢
2026-09-01T00:06:26+00:00,Fallout 3,monosodium_glutamate,4,en,2026-08-31T22:01:56Z,Tale of Two Wastelands. 1 Day(s) Since Last Crash
2026-09-01T00:06:26+00:00,Fallout 3,kuversito,3,es,2026-08-31T23:56:48Z,Explorando el apocalipsis 🙀🔥
2026-09-01T00:06:26+00:00,Fallout 3,theonlyhotginge,2,en,2026-08-31T16:41:35Z,give yourself some grace for not knowing sooner what experience could have taught you
2026-09-01T00:06:26+00:00,Fallout 3,corvintheretrojay,2,en,2026-08-31T23:55:22Z,I don't want to set the world on fire baby - Fallout 3
2026-09-01T00:06:26+00:00,Fallout 3,novus_b_pixel,2,en,2026-08-31T23:00:10Z,Doritos [18+]
2026-09-01T00:06:26+00:00,Fallout 3,alexmonster212,1,es,2026-08-31T23:46:59Z,"A la demolición, follow me and subscribe."
2026-09-01T00:06:26+00:00,Fallout 3,unknownso1,1,en,2026-08-31T17:59:00Z,VIBING | MORE NUCLEAR SUNSET THEN (SEPERATING VODS) GTA RP
2026-09-01T00:06:26+00:00,Fallout 3,koaajfnightmare117,1,en,2026-08-31T22:43:09Z,answer 2 secret questions each day until the 12th and win that money
2026-09-01T00:06:26+00:00,Fallout: New Vegas,welderb,418,ru,2026-08-31T20:10:37Z,Зацениваем Новый Вегас Екстендет!Вернулся из Лиманского госпиталя с зашитым ass
2026-09-01T00:06:26+00:00,Fallout: New Vegas,masumi_tv,20,en,2026-08-31T23:46:10Z,In the wastes with this frog
2026-09-01T00:06:26+00:00,Fallout: New Vegas,ladyzoe,19,en,2026-08-31T22:44:36Z,Dead Money: Lets crack open that CASINO | ZOE CAMPING NEXT WEEK (RE7 after)
2026-09-01T00:06:26+00:00,Fallout: New Vegas,gyps,14,en,2026-08-31T05:14:11Z,[Rerun] | HORRIFIED | 🎣Fishing (Giveaways!) !fish !watchtime @Valhalla_Gaming420 @yngsmiley
2026-09-01T00:06:26+00:00,Fallout: New Vegas,toastlet,13,en,2026-08-31T22:04:44Z,More Fallout w/ @commissar_v ✧ !discord !would !smash ✧
2026-09-01T00:06:26+00:00,Fallout: New Vegas,joejodojo,10,en,2026-08-31T20:51:48Z,First Playthrough New Vegas! Fallout may be getting a Physical Pinball Machine Too!
2026-09-01T00:06:26+00:00,Fallout: New Vegas,thejohnchairs,9,en,2026-08-31T23:38:14Z,The Dome I'm Getting At The Forbidden Zone Would Make McCarthy Red I Fallout: New Vegas I Part 35 I !tip !youtube !discord
2026-09-01T00:06:26+00:00,Fallout: New Vegas,ftb_jrifft,8,en,2026-08-31T23:35:44Z,She New On My Vegas Till I Fallout.
2026-09-01T00:06:26+00:00,Fallout: New Vegas,eddierancid,5,en,2026-08-31T22:26:43Z,[ENG] The Monday Chill | VeryHard++ (over-tuned)
2026-09-01T00:06:26+00:00,Fallout: New Vegas,nukaquantumranger,5,en,2026-08-31T23:38:08Z,Truth is... this stream was rigged from the start
2026-09-01T00:06:26+00:00,Fallout: New Vegas,setentaeseis,5,pt,2026-08-31T22:28:29Z,Fallout New Vegas - cidade do dinossauro [PT/BR] [+18]
2026-09-01T00:06:26+00:00,Fallout: New Vegas,new_vegas_radio,4,en,2026-08-30T03:40:14Z,"Radio New Vegas, all the songs from the three main station, 24/7!!"
2026-09-01T00:06:26+00:00,Fallout: New Vegas,boss815ilya,3,ru,2026-08-31T20:10:35Z,ноу-дез max сложность (уровень 13)
2026-09-01T00:06:26+00:00,Fallout: New Vegas,xodarcidarlingxo,2,en,2026-08-31T23:43:14Z,"Happy Monday, let's shoot some stuff"
2026-09-01T00:06:26+00:00,Fallout: New Vegas,varisoctane,2,en,2026-08-31T21:22:34Z,The wasteland awaits! Time to get these feet in gear [!lurk !discord !race]
2026-09-01T00:06:26+00:00,Fallout: New Vegas,rhigit,2,pt,2026-08-31T23:15:44Z,Vem live do VÔ: Fallout New Vegas
2026-09-01T00:06:26+00:00,Fallout: New Vegas,lucuslobo,2,en,2026-08-31T23:16:59Z,"NOT DEAD, Just lost.  Now it's time to do some Singular Boulevard"
2026-09-01T00:06:26+00:00,Fallout: New Vegas,thedamontaekxng,2,en,2026-08-31T19:57:56Z,[LEVEL 43] TRADERMAXXING 😋 | !yt 4000 hours+
2026-09-01T00:06:26+00:00,Fallout: New Vegas,moriarsky,1,en,2026-08-31T16:23:06Z,
2026-09-01T00:06:26+00:00,Fallout: New Vegas,blakenatural,1,en,2026-08-31T21:57:13Z,BLACK ROOSTER BLAKE
2026-09-01T00:06:26+00:00,Fallout: New Vegas,warpiggaming1,1,en,2026-08-31T20:32:44Z,Big iron and a high luck
2026-09-01T00:06:26+00:00,Fallout: New Vegas,legendofwhorra,1,en,2026-08-31T23:45:20Z,New vegas
2026-09-01T00:06:26+00:00,Fallout: New Vegas,angelface_mongol,1,en,2026-08-31T15:47:55Z,Forknife-New Vegas: Courier Marcos
2026-09-01T00:06:26+00:00,Fallout: New Vegas,carcusbrant,1,en,2026-08-31T23:37:27Z,Greatest Dummy in the Wasteland
2026-09-01T00:06:26+00:00,Fallout: New Vegas,diabloloto,1,es,2026-08-31T20:19:34Z,"Mas nostalgia !! Fallout New vegas ! la merc mas dura,e implacable del mojave !! salve cesar !! IA!! restos de dlcs y cpompletar"
2026-09-01T00:06:26+00:00,Fallout: New Vegas,eldergodnova,1,en,2026-08-31T23:45:19Z,Fallout's Wildcard
2026-09-01T00:06:26+00:00,Fallout: New Vegas,deathlyhalogaming,0,en,2026-08-31T23:10:38Z,[FNV][100%][Finishing the map]
2026-09-01T00:06:26+00:00,Fallout: New Vegas,windexlocus,0,en,2026-08-31T22:41:01Z,Fallout NV Part 13
2026-09-01T00:06:26+00:00,Fallout: New Vegas,assbutt1,0,en,2026-08-31T20:27:59Z,Fallout NV
2026-09-01T00:06:26+00:00,Fallout: New Vegas,captaincreamx,0,en,2026-08-31T23:27:44Z,havent played this one give me tips
2026-09-01T00:06:26+00:00,Fallout: New Vegas,shinijoker42,0,en,2026-08-31T22:55:00Z,🎄Merry Christmas ☃️ Xbox 1🎄
